<T3DataStructure>
	<meta>
		<langDisable>1</langDisable>
	</meta>
	<ROOT>
		<type>array</type>
		<el>
			<settings.client.html.catalog.detail.prodid-default>
				<TCEforms>
					<label>LLL:EXT:aimeos/Resources/Private/Language/plugins.xlf:catalog-detail.prodid-default</label>
					<config>
						<type>input</type>
						<eval>trim</eval>
					</config>
				</TCEforms>
			</settings.client.html.catalog.detail.prodid-default>
			<settings.client.html.account.favorite.url.target>
				<TCEforms>
					<label>LLL:EXT:aimeos/Resources/Private/Language/plugins.xlf:account-favorite.target</label>
					<config>
						<type>group</type>
						<internal_type>db</internal_type>
						<allowed>pages</allowed>
						<size>1</size>
						<maxitems>1</maxitems>
						<minitems>1</minitems>
						<show_thumbs>1</show_thumbs>
					</config>
				</TCEforms>
			</settings.client.html.account.favorite.url.target>
			<settings.client.html.account.watch.url.target>
				<TCEforms>
					<label>LLL:EXT:aimeos/Resources/Private/Language/plugins.xlf:account-watch.target</label>
					<config>
						<type>group</type>
						<internal_type>db</internal_type>
						<allowed>pages</allowed>
						<size>1</size>
						<maxitems>1</maxitems>
						<minitems>1</minitems>
						<show_thumbs>1</show_thumbs>
					</config>
				</TCEforms>
			</settings.client.html.account.watch.url.target>
			<settings.client.html.catalog.session.pinned.url.target>
				<TCEforms>
					<label>LLL:EXT:aimeos/Resources/Private/Language/plugins.xlf:catalog-session-pinned.target</label>
					<config>
						<type>group</type>
						<internal_type>db</internal_type>
						<allowed>pages</allowed>
						<size>1</size>
						<maxitems>1</maxitems>
						<minitems>0</minitems>
						<show_thumbs>1</show_thumbs>
					</config>
				</TCEforms>
			</settings.client.html.catalog.session.pinned.url.target>
			<settings.client.html.basket.standard.url.target>
				<TCEforms>
					<label>LLL:EXT:aimeos/Resources/Private/Language/plugins.xlf:basket-standard.target</label>
					<config>
						<type>group</type>
						<internal_type>db</internal_type>
						<allowed>pages</allowed>
						<size>1</size>
						<maxitems>1</maxitems>
						<minitems>1</minitems>
						<show_thumbs>1</show_thumbs>
					</config>
				</TCEforms>
			</settings.client.html.basket.standard.url.target>
			<settings.client.html.catalog.lists.url.target>
				<TCEforms>
					<label>LLL:EXT:aimeos/Resources/Private/Language/plugins.xlf:catalog-list.target</label>
					<config>
						<type>group</type>
						<internal_type>db</internal_type>
						<allowed>pages</allowed>
						<size>1</size>
						<maxitems>1</maxitems>
						<minitems>1</minitems>
						<show_thumbs>1</show_thumbs>
					</config>
				</TCEforms>
			</settings.client.html.catalog.lists.url.target>
			<settings.client.html.catalog.stock.url.target>
				<TCEforms>
					<label>LLL:EXT:aimeos/Resources/Private/Language/plugins.xlf:catalog-stock.target</label>
					<config>
						<type>group</type>
						<internal_type>db</internal_type>
						<allowed>pages</allowed>
						<size>1</size>
						<maxitems>1</maxitems>
						<minitems>0</minitems>
						<show_thumbs>1</show_thumbs>
					</config>
				</TCEforms>
			</settings.client.html.catalog.stock.url.target>
			<settings.client.jsonapi.url.target>
				<TCEforms>
					<label>LLL:EXT:aimeos/Resources/Private/Language/plugins.xlf:jsonapi-options.target</label>
					<config>
						<type>group</type>
						<internal_type>db</internal_type>
						<allowed>pages</allowed>
						<size>1</size>
						<maxitems>1</maxitems>
						<minitems>0</minitems>
						<show_thumbs>1</show_thumbs>
					</config>
				</TCEforms>
			</settings.client.jsonapi.url.target>
			<settings.typo3.tsconfig>
				<TCEforms>
					<label>LLL:EXT:aimeos/Resources/Private/Language/plugins.xlf:default.typo3.tsconfig</label>
					<config>
						<type>text</type>
						<rows>10</rows>
					</config>
				</TCEforms>
			</settings.typo3.tsconfig>
		</el>
	</ROOT>
</T3DataStructure>