<T3DataStructure>
	<meta>
		<langDisable>1</langDisable>
	</meta>
	<ROOT>
		<type>array</type>
		<el>
			<settings.client.html.catalog.lists.url.target>
				<TCEforms>
					<label>LLL:EXT:aimeos/Resources/Private/Language/plugins.xlf:catalog-list.target</label>
					<config>
						<type>group</type>
						<internal_type>db</internal_type>
						<allowed>pages</allowed>
						<size>1</size>
						<maxitems>1</maxitems>
						<minitems>1</minitems>
						<show_thumbs>1</show_thumbs>
					</config>
				</TCEforms>
			</settings.client.html.catalog.lists.url.target>
			<settings.client.html.catalog.suggest.url.target>
				<TCEforms>
					<label>LLL:EXT:aimeos/Resources/Private/Language/plugins.xlf:catalog-suggest.target</label>
					<config>
						<type>group</type>
						<internal_type>db</internal_type>
						<allowed>pages</allowed>
						<size>1</size>
						<maxitems>1</maxitems>
						<minitems>1</minitems>
						<show_thumbs>1</show_thumbs>
					</config>
				</TCEforms>
			</settings.client.html.catalog.suggest.url.target>
			<settings.client.html.catalog.count.url.target>
				<TCEforms>
					<label>LLL:EXT:aimeos/Resources/Private/Language/plugins.xlf:catalog-count.target</label>
					<config>
						<type>group</type>
						<internal_type>db</internal_type>
						<allowed>pages</allowed>
						<size>1</size>
						<maxitems>1</maxitems>
						<minitems>1</minitems>
						<show_thumbs>1</show_thumbs>
					</config>
				</TCEforms>
			</settings.client.html.catalog.count.url.target>
			<settings.client.jsonapi.url.target>
				<TCEforms>
					<label>LLL:EXT:aimeos/Resources/Private/Language/plugins.xlf:jsonapi-options.target</label>
					<config>
						<type>group</type>
						<internal_type>db</internal_type>
						<allowed>pages</allowed>
						<size>1</size>
						<maxitems>1</maxitems>
						<minitems>0</minitems>
						<show_thumbs>1</show_thumbs>
					</config>
				</TCEforms>
			</settings.client.jsonapi.url.target>
			<settings.client.html.catalog.filter.tree.startid>
				<TCEforms>
					<label>LLL:EXT:aimeos/Resources/Private/Language/plugins.xlf:catalog-filter.tree-startid</label>
					<config>
						<type>select</type>
						<multiple>0</multiple>
						<itemsProcFunc>Aimeos\Aimeos\Flexform\Catalog->getCategories</itemsProcFunc>
						<items type="array">
							<numIndex index="0" type="array">
								<numIndex index="0"></numIndex>
								<numIndex index="1"></numIndex>
							</numIndex>
						</items>
						<size>10</size>
						<maxitems>1</maxitems>
						<minitems>0</minitems>
					</config>
				</TCEforms>
			</settings.client.html.catalog.filter.tree.startid>
			<settings.client.html.catalog.filter.tree.levels-always>
				<TCEforms>
					<label>LLL:EXT:aimeos/Resources/Private/Language/plugins.xlf:catalog-filter.tree-levels-always</label>
					<config>
						<type>input</type>
						<eval>trim</eval>
					</config>
				</TCEforms>
			</settings.client.html.catalog.filter.tree.levels-always>
			<settings.client.html.catalog.filter.tree.levels-only>
				<TCEforms>
					<label>LLL:EXT:aimeos/Resources/Private/Language/plugins.xlf:catalog-filter.tree-levels-only</label>
					<config>
						<type>input</type>
						<eval>trim</eval>
					</config>
				</TCEforms>
			</settings.client.html.catalog.filter.tree.levels-only>
			<settings.client.html.catalog.filter.attribute.types>
				<TCEforms>
					<label>LLL:EXT:aimeos/Resources/Private/Language/plugins.xlf:catalog-filter.attribute-types</label>
					<config>
						<type>select</type>
						<itemsProcFunc>Aimeos\Aimeos\Flexform\Attribute->getTypes</itemsProcFunc>
						<size>10</size>
						<maxitems>100</maxitems>
					</config>
				</TCEforms>
			</settings.client.html.catalog.filter.attribute.types>
			<settings.typo3.tsconfig>
				<TCEforms>
					<label>LLL:EXT:aimeos/Resources/Private/Language/plugins.xlf:default.typo3.tsconfig</label>
					<config>
						<type>text</type>
						<rows>10</rows>
					</config>
				</TCEforms>
			</settings.typo3.tsconfig>
		</el>
	</ROOT>
</T3DataStructure>