{
    "modules": [

    ],
    "properties": {
        "backendModules": [

        ],
        "description": "",
        "emConf": {
            "category": "plugin",
            "custom_category": "",
            "dependsOn": "typo3 => 6.2\n",
            "disableLocalization": false,
            "disableVersioning": false,
            "sourceLanguage": "en",
            "state": "alpha",
            "targetVersion": "6.2",
            "version": ""
        },
        "extensionKey": "frey_aimeos",
        "name": "frey_aimeos",
        "originalExtensionKey": "",
        "persons": [

        ],
        "plugins": [

        ],
        "vendorName": "Aimeos"
    },
    "wires": [

    ],
    "log": {
        "last_modified": "2014-12-10 05:38",
        "extension_builder_version": "6.2.0",
        "be_user": " (1)"
    }
}